source_file,url,status,final_url,bytes,has_main,has_h1,has_article,verdict,note
index.html,/,200,http://localhost:4321/,20036,true,true,true,OK,
about/index.md,/about/,200,http://localhost:4321/about/,18131,true,false,false,EMPTY,bytes=18131 main=true h1=false article=false
about/community/index.md,/about/community/,200,http://localhost:4321/about/community/,20764,true,true,false,OK,
about/community/slack/index.md,/about/community/slack/,200,http://localhost:4321/about/community/slack/,15268,true,true,false,OK,
about/community/survey/index.md,/about/community/survey/,200,http://localhost:4321/about/community/survey/,13582,true,true,false,OK,
about/community/survey/2019/index.md,/about/community/survey/2019/,200,http://localhost:4321/about/community/survey/2019/,29309,true,true,false,OK,
about/community/survey/2023/index.md,/about/community/survey/2023/,200,http://localhost:4321/about/community/survey/2023/,27522,true,true,false,OK,
about/conduct/index.md,/about/conduct/,200,http://localhost:4321/about/conduct/,16614,true,true,false,OK,
about/contribute/index.md,/about/contribute/,200,http://localhost:4321/about/contribute/,21459,true,true,false,OK,
about/governance/index.md,/about/governance/,200,http://localhost:4321/about/governance/,18942,true,true,false,OK,
about/license/index.md,/about/license/,200,http://localhost:4321/about/license/,13375,true,true,false,OK,
about/releases/index.md,/about/releases/,200,http://localhost:4321/about/releases/,15383,true,true,false,OK,
about/resources/index.html,/about/resources/,200,http://localhost:4321/about/resources/,15835,true,true,false,OK,
blog/index.html,/blog/,200,http://localhost:4321/blog/,14784,true,true,true,OK,
_posts/2013-10-16-version-0-2-0-released.md,/blog/2013/10/16/version-0-2-0-released/,200,http://localhost:4321/blog/2013/10/16/version-0-2-0-released/,13261,true,true,true,OK,
_posts/2013-10-21-internet-of-things-messaging-hangout.md,/blog/2013/10/21/internet-of-things-messaging-hangout/,200,http://localhost:4321/blog/2013/10/21/internet-of-things-messaging-hangout/,12390,true,true,true,OK,
_posts/2013-10-31-version-0-3-0-released.md,/blog/2013/10/31/version-0-3-0-released/,200,http://localhost:4321/blog/2013/10/31/version-0-3-0-released/,13977,true,true,true,OK,
_posts/2013-11-14-version-0-4-0-released.md,/blog/2013/11/14/version-0-4-0-released/,200,http://localhost:4321/blog/2013/11/14/version-0-4-0-released/,17225,true,true,true,OK,
_posts/2013-12-21-version-0-5-0-released.md,/blog/2013/12/21/version-0-5-0-released/,200,http://localhost:4321/blog/2013/12/21/version-0-5-0-released/,20836,true,true,true,OK,
_posts/2014-01-22-community-news.md,/blog/2014/01/22/community-news/,200,http://localhost:4321/blog/2014/01/22/community-news/,13754,true,true,true,OK,
_posts/2014-02-21-version-0-6-0-released.md,/blog/2014/02/21/version-0-6-0-released/,200,http://localhost:4321/blog/2014/02/21/version-0-6-0-released/,20110,true,true,true,OK,
_posts/2014-04-16-version-0-7-0-released.md,/blog/2014/04/16/version-0-7-0-released/,200,http://localhost:4321/blog/2014/04/16/version-0-7-0-released/,23768,true,true,true,OK,
_posts/2014-06-26-version-0-8-0-released.md,/blog/2014/06/26/version-0-8-0-released/,200,http://localhost:4321/blog/2014/06/26/version-0-8-0-released/,16509,true,true,true,OK,
_posts/2014-09-24-version-0-9-0-released.md,/blog/2014/09/24/version-0-9-0-released/,200,http://localhost:4321/blog/2014/09/24/version-0-9-0-released/,18084,true,true,true,OK,
_posts/2015-02-08-version-0-10-1-released.md,/blog/2015/02/08/version-0-10-1-released/,200,http://localhost:4321/blog/2015/02/08/version-0-10-1-released/,20430,true,true,true,OK,
_posts/2015-02-25-changing-where-node-red-stores-data.md,/blog/2015/02/25/changing-where-node-red-stores-data/,200,http://localhost:4321/blog/2015/02/25/changing-where-node-red-stores-data/,17567,true,true,true,OK,
_posts/2015-04-01-version-0-10-6-released.md,/blog/2015/04/01/version-0-10-6-released/,200,http://localhost:4321/blog/2015/04/01/version-0-10-6-released/,21953,true,true,true,OK,
_posts/2015-06-16-version-0-10-8-released.md,/blog/2015/06/16/version-0-10-8-released/,200,http://localhost:4321/blog/2015/06/16/version-0-10-8-released/,16178,true,true,true,OK,
_posts/2015-07-15-version-0-11-0-released.md,/blog/2015/07/15/version-0-11-0-released/,200,http://localhost:4321/blog/2015/07/15/version-0-11-0-released/,15863,true,true,true,OK,
_posts/2015-11-06-version-0-12-0-released.md,/blog/2015/11/06/version-0-12-0-released/,200,http://localhost:4321/blog/2015/11/06/version-0-12-0-released/,17828,true,true,true,OK,
_posts/2015-11-25-node-red-included-in-raspian-jessie.md,/blog/2015/11/25/node-red-included-in-raspian-jessie/,200,http://localhost:4321/blog/2015/11/25/node-red-included-in-raspian-jessie/,13115,true,true,true,OK,
_posts/2016-01-18-version-0-13-released.md,/blog/2016/01/18/version-0-13-released/,200,http://localhost:4321/blog/2016/01/18/version-0-13-released/,20993,true,true,true,OK,
_posts/2016-06-14-version-0-14-released.md,/blog/2016/06/14/version-0-14-released/,200,http://localhost:4321/blog/2016/06/14/version-0-14-released/,17375,true,true,true,OK,
_posts/2016-10-11-version-0-15-released.md,/blog/2016/10/11/version-0-15-released/,200,http://localhost:4321/blog/2016/10/11/version-0-15-released/,21046,true,true,true,OK,
_posts/2016-10-17-js-foundation.md,/blog/2016/10/17/js-foundation/,200,http://localhost:4321/blog/2016/10/17/js-foundation/,17440,true,true,true,OK,
_posts/2017-01-11-version-0-16-released.md,/blog/2017/01/11/version-0-16-released/,200,http://localhost:4321/blog/2017/01/11/version-0-16-released/,19941,true,true,true,OK,
_posts/2017-06-28-version-0-17-released.md,/blog/2017/06/28/version-0-17-released/,200,http://localhost:4321/blog/2017/06/28/version-0-17-released/,26085,true,true,true,OK,
_posts/2017-07-02-version-0-17-part-2.md,/blog/2017/07/02/version-0-17-part-2/,200,http://localhost:4321/blog/2017/07/02/version-0-17-part-2/,15648,true,true,true,OK,
_posts/2017-07-17-roadmap-to-1-dot-0.md,/blog/2017/07/17/roadmap-to-1-dot-0/,200,http://localhost:4321/blog/2017/07/17/roadmap-to-1-dot-0/,16908,true,true,true,OK,
_posts/2018-01-31-version-0-18-released.md,/blog/2018/01/31/version-0-18-released/,200,http://localhost:4321/blog/2018/01/31/version-0-18-released/,19856,true,true,true,OK,
_posts/2018-03-13-project-updates.md,/blog/2018/03/13/project-updates/,200,http://localhost:4321/blog/2018/03/13/project-updates/,19247,true,true,true,OK,
_posts/2018-08-14-version-0-19-released.md,/blog/2018/08/14/version-0-19-released/,200,http://localhost:4321/blog/2018/08/14/version-0-19-released/,19105,true,true,true,OK,
_posts/2019-03-12-version-0-20-released.md,/blog/2019/03/12/version-0-20-released/,200,http://localhost:4321/blog/2019/03/12/version-0-20-released/,26315,true,true,true,OK,
_posts/2019-04-05-accelerating-the-roadmap.md,/blog/2019/04/05/accelerating-the-roadmap/,200,http://localhost:4321/blog/2019/04/05/accelerating-the-roadmap/,18352,true,true,true,OK,
_posts/2019-06-27-community-survey.md,/blog/2019/06/27/community-survey/,200,http://localhost:4321/blog/2019/06/27/community-survey/,12605,true,true,true,OK,
_posts/2019-08-16-going-async.md,/blog/2019/08/16/going-async/,200,http://localhost:4321/blog/2019/08/16/going-async/,20868,true,true,true,OK,
_posts/2019-09-13-cloning-messages.md,/blog/2019/09/13/cloning-messages/,200,http://localhost:4321/blog/2019/09/13/cloning-messages/,26136,true,true,true,OK,
_posts/2019-09-20-node-done.md,/blog/2019/09/20/node-done/,200,http://localhost:4321/blog/2019/09/20/node-done/,32983,true,true,true,OK,
_posts/2019-09-30-version-1-0-released.md,/blog/2019/09/30/version-1-0-released/,200,http://localhost:4321/blog/2019/09/30/version-1-0-released/,26613,true,true,true,OK,
_posts/2020-06-30-version-1-1-released.md,/blog/2020/06/30/version-1-1-released/,200,http://localhost:4321/blog/2020/06/30/version-1-1-released/,25050,true,true,true,OK,
_posts/2020-07-01-release-plans.md,/blog/2020/07/01/release-plans/,200,http://localhost:4321/blog/2020/07/01/release-plans/,16529,true,true,true,OK,
_posts/2020-10-13-future-plans.md,/blog/2020/10/13/future-plans/,200,http://localhost:4321/blog/2020/10/13/future-plans/,31815,true,true,true,OK,
_posts/2020-10-15-version-1-2-released.md,/blog/2020/10/15/version-1-2-released/,200,http://localhost:4321/blog/2020/10/15/version-1-2-released/,17818,true,true,true,OK,
_posts/2021-04-08-version-1-3-released.md,/blog/2021/04/08/version-1-3-released/,200,http://localhost:4321/blog/2021/04/08/version-1-3-released/,26140,true,true,true,OK,
_posts/2021-07-20-version-2-0-released.md,/blog/2021/07/20/version-2-0-released/,200,http://localhost:4321/blog/2021/07/20/version-2-0-released/,27753,true,true,true,OK,
_posts/2021-10-21-version-2-1-released.md,/blog/2021/10/21/version-2-1-released/,200,http://localhost:4321/blog/2021/10/21/version-2-1-released/,22375,true,true,true,OK,
_posts/2022-01-27-version-2-2-released.md,/blog/2022/01/27/version-2-2-released/,200,http://localhost:4321/blog/2022/01/27/version-2-2-released/,20113,true,true,true,OK,
_posts/2022-01-31-introducing-scorecard.md,/blog/2022/01/31/introducing-scorecard/,200,http://localhost:4321/blog/2022/01/31/introducing-scorecard/,16075,true,true,true,OK,
_posts/2022-07-14-version-3-0-released.md,/blog/2022/07/14/version-3-0-released/,200,http://localhost:4321/blog/2022/07/14/version-3-0-released/,26039,true,true,true,OK,
_posts/2023-02-23-community-survey.md,/blog/2023/02/23/community-survey/,200,http://localhost:4321/blog/2023/02/23/community-survey/,12817,true,true,true,OK,
_posts/2023-09-06-version-3-1-released.md,/blog/2023/09/06/version-3-1-released/,200,http://localhost:4321/blog/2023/09/06/version-3-1-released/,26235,true,true,true,OK,
_posts/2024-06-20-version-4-0-released.md,/blog/2024/06/20/version-4-0-released/,200,http://localhost:4321/blog/2024/06/20/version-4-0-released/,26340,true,true,true,OK,
_posts/2025-07-29-version-4-1-released.md,/blog/2025/07/29/version-4-1-released/,200,http://localhost:4321/blog/2025/07/29/version-4-1-released/,20430,true,true,true,OK,
_posts/2025-10-28-node-red-con.md,/blog/2025/10/28/node-red-con/,200,http://localhost:4321/blog/2025/10/28/node-red-con/,12658,true,true,true,OK,
_posts/2025-12-01-modernization-survey-results.md,/blog/2025/12/01/modernization-survey-results/,200,http://localhost:4321/blog/2025/12/01/modernization-survey-results/,26788,true,true,true,OK,
_posts/2025-12-03-node-red-roadmap-to-5.md,/blog/2025/12/03/node-red-roadmap-to-5/,200,http://localhost:4321/blog/2025/12/03/node-red-roadmap-to-5/,20912,true,true,true,OK,
blog/rss/index.html,/blog/rss/,200,http://localhost:4321/blog/rss/,15164,false,false,false,EMPTY,bytes=15164 main=false h1=false article=false
docs/index.html,/docs/,200,http://localhost:4321/docs/,101479,true,true,false,OK,
docs/api/index.md,/docs/api/,200,http://localhost:4321/docs/api/,98356,true,true,false,OK,
docs/api/admin/index.md,/docs/api/admin/,200,http://localhost:4321/docs/api/admin/,94938,true,true,false,OK,
docs/api/admin/errors.md,/docs/api/admin/errors/,200,http://localhost:4321/docs/api/admin/errors/,100068,true,true,false,OK,
docs/api/admin/methods/index.md,/docs/api/admin/methods/,200,http://localhost:4321/docs/api/admin/methods/,97393,true,true,false,OK,
docs/api/admin/methods/delete/flow/index.md,/docs/api/admin/methods/delete/flow/,200,http://localhost:4321/docs/api/admin/methods/delete/flow/,99342,true,true,false,OK,
docs/api/admin/methods/delete/nodes/module/index.md,/docs/api/admin/methods/delete/nodes/module/,200,http://localhost:4321/docs/api/admin/methods/delete/nodes/module/,99362,true,true,false,OK,
docs/api/admin/methods/get/auth/login/index.md,/docs/api/admin/methods/get/auth/login/,200,http://localhost:4321/docs/api/admin/methods/get/auth/login/,98934,true,true,false,OK,
docs/api/admin/methods/get/credentials/type/id/index.md,/docs/api/admin/methods/get/credentials/type/id/,200,http://localhost:4321/docs/api/admin/methods/get/credentials/type/id/,94704,true,true,false,OK,
docs/api/admin/methods/get/diagnostics/index.md,/docs/api/admin/methods/get/diagnostics/,200,http://localhost:4321/docs/api/admin/methods/get/diagnostics/,100503,true,true,false,OK,
docs/api/admin/methods/get/flow/index.md,/docs/api/admin/methods/get/flow/,200,http://localhost:4321/docs/api/admin/methods/get/flow/,99558,true,true,false,OK,
docs/api/admin/methods/get/flows/index.md,/docs/api/admin/methods/get/flows/,200,http://localhost:4321/docs/api/admin/methods/get/flows/,100245,true,true,false,OK,
docs/api/admin/methods/get/flows/state/index.md,/docs/api/admin/methods/get/flows/state/,200,http://localhost:4321/docs/api/admin/methods/get/flows/state/,98295,true,true,false,OK,
docs/api/admin/methods/get/nodes/index.md,/docs/api/admin/methods/get/nodes/,200,http://localhost:4321/docs/api/admin/methods/get/nodes/,100065,true,true,false,OK,
docs/api/admin/methods/get/nodes/module/index.md,/docs/api/admin/methods/get/nodes/module/,200,http://localhost:4321/docs/api/admin/methods/get/nodes/module/,99714,true,true,false,OK,
docs/api/admin/methods/get/nodes/module/set/index.md,/docs/api/admin/methods/get/nodes/module/set/,200,http://localhost:4321/docs/api/admin/methods/get/nodes/module/set/,99605,true,true,false,OK,
docs/api/admin/methods/get/settings/index.md,/docs/api/admin/methods/get/settings/,200,http://localhost:4321/docs/api/admin/methods/get/settings/,98431,true,true,false,OK,
docs/api/admin/methods/post/auth/revoke/index.md,/docs/api/admin/methods/post/auth/revoke/,200,http://localhost:4321/docs/api/admin/methods/post/auth/revoke/,99205,true,true,false,OK,
docs/api/admin/methods/post/auth/token/index.md,/docs/api/admin/methods/post/auth/token/,200,http://localhost:4321/docs/api/admin/methods/post/auth/token/,99958,true,true,false,OK,
docs/api/admin/methods/post/flow/index.md,/docs/api/admin/methods/post/flow/,200,http://localhost:4321/docs/api/admin/methods/post/flow/,100047,true,true,false,OK,
docs/api/admin/methods/post/flows/index.md,/docs/api/admin/methods/post/flows/,200,http://localhost:4321/docs/api/admin/methods/post/flows/,106160,true,true,false,OK,
docs/api/admin/methods/post/flows/state/index.md,/docs/api/admin/methods/post/flows/state/,200,http://localhost:4321/docs/api/admin/methods/post/flows/state/,99884,true,true,false,OK,
docs/api/admin/methods/post/nodes/index.md,/docs/api/admin/methods/post/nodes/,200,http://localhost:4321/docs/api/admin/methods/post/nodes/,100926,true,true,false,OK,
docs/api/admin/methods/put/flow/index.md,/docs/api/admin/methods/put/flow/,200,http://localhost:4321/docs/api/admin/methods/put/flow/,100000,true,true,false,OK,
docs/api/admin/methods/put/nodes/module/index.md,/docs/api/admin/methods/put/nodes/module/,200,http://localhost:4321/docs/api/admin/methods/put/nodes/module/,100216,true,true,false,OK,
docs/api/admin/methods/put/nodes/module/set/index.md,/docs/api/admin/methods/put/nodes/module/set/,200,http://localhost:4321/docs/api/admin/methods/put/nodes/module/set/,100225,true,true,false,OK,
docs/api/admin/oauth.md,/docs/api/admin/oauth/,200,http://localhost:4321/docs/api/admin/oauth/,105208,true,true,false,OK,
docs/api/admin/types.md,/docs/api/admin/types/,200,http://localhost:4321/docs/api/admin/types/,108254,true,true,false,OK,
docs/api/context/index.md,/docs/api/context/,200,http://localhost:4321/docs/api/context/,99476,true,true,false,OK,
docs/api/context/methods/index.md,/docs/api/context/methods/,200,http://localhost:4321/docs/api/context/methods/,111851,true,true,false,OK,
docs/api/context/store/localfilesystem.md,/docs/api/context/store/localfilesystem/,200,http://localhost:4321/docs/api/context/store/localfilesystem/,103505,true,true,false,OK,
docs/api/context/store/memory.md,/docs/api/context/store/memory/,200,http://localhost:4321/docs/api/context/store/memory/,97643,true,true,false,OK,
docs/api/hooks/index.md,/docs/api/hooks/,200,http://localhost:4321/docs/api/hooks/,103766,true,true,false,OK,
docs/api/hooks/install/index.md,/docs/api/hooks/install/,200,http://localhost:4321/docs/api/hooks/install/,129119,true,true,false,OK,
docs/api/hooks/messaging/index.md,/docs/api/hooks/messaging/,200,http://localhost:4321/docs/api/hooks/messaging/,138971,true,true,false,OK,
docs/api/library/index.md,/docs/api/library/,200,http://localhost:4321/docs/api/library/,128456,true,true,false,OK,
docs/api/modules/index.md,/docs/api/modules/,200,http://localhost:4321/docs/api/modules/,94714,true,true,false,OK,
docs/api/modules/v/0.20.0-beta.2/index.html,/docs/api/modules/v/0.20.0-beta.2/,404,http://localhost:4321/docs/api/modules/v/0.20.0-beta.2/,20290,false,false,false,404,
docs/api/modules/v/0.20.0-beta.2/@node-red_runtime_comms.html,/docs/api/modules/v/0.20.0-beta.2/@node-red_runtime_comms.html,404,http://localhost:4321/docs/api/modules/v/0.20.0-beta.2/@node-red_runtime_comms.html,20290,false,false,false,404,
docs/api/modules/v/0.20.0-beta.2/@node-red_runtime_context.html,/docs/api/modules/v/0.20.0-beta.2/@node-red_runtime_context.html,404,http://localhost:4321/docs/api/modules/v/0.20.0-beta.2/@node-red_runtime_context.html,20290,false,false,false,404,
docs/api/modules/v/0.20.0-beta.2/@node-red_runtime_events.html,/docs/api/modules/v/0.20.0-beta.2/@node-red_runtime_events.html,404,http://localhost:4321/docs/api/modules/v/0.20.0-beta.2/@node-red_runtime_events.html,20290,false,false,false,404,
docs/api/modules/v/0.20.0-beta.2/@node-red_runtime_flows.html,/docs/api/modules/v/0.20.0-beta.2/@node-red_runtime_flows.html,404,http://localhost:4321/docs/api/modules/v/0.20.0-beta.2/@node-red_runtime_flows.html,20290,false,false,false,404,
docs/api/modules/v/0.20.0-beta.2/@node-red_runtime_library.html,/docs/api/modules/v/0.20.0-beta.2/@node-red_runtime_library.html,404,http://localhost:4321/docs/api/modules/v/0.20.0-beta.2/@node-red_runtime_library.html,20290,false,false,false,404,
docs/api/modules/v/0.20.0-beta.2/@node-red_runtime_nodes.html,/docs/api/modules/v/0.20.0-beta.2/@node-red_runtime_nodes.html,404,http://localhost:4321/docs/api/modules/v/0.20.0-beta.2/@node-red_runtime_nodes.html,20290,false,false,false,404,
docs/api/modules/v/0.20.0-beta.2/@node-red_runtime_projects.html,/docs/api/modules/v/0.20.0-beta.2/@node-red_runtime_projects.html,404,http://localhost:4321/docs/api/modules/v/0.20.0-beta.2/@node-red_runtime_projects.html,20290,false,false,false,404,
docs/api/modules/v/0.20.0-beta.2/@node-red_runtime_settings.html,/docs/api/modules/v/0.20.0-beta.2/@node-red_runtime_settings.html,404,http://localhost:4321/docs/api/modules/v/0.20.0-beta.2/@node-red_runtime_settings.html,20290,false,false,false,404,
docs/api/modules/v/0.20.0-beta.2/@node-red_runtime.html,/docs/api/modules/v/0.20.0-beta.2/@node-red_runtime.html,404,http://localhost:4321/docs/api/modules/v/0.20.0-beta.2/@node-red_runtime.html,20290,false,false,false,404,
docs/api/modules/v/0.20.0-beta.2/@node-red_util_i18n.html,/docs/api/modules/v/0.20.0-beta.2/@node-red_util_i18n.html,404,http://localhost:4321/docs/api/modules/v/0.20.0-beta.2/@node-red_util_i18n.html,20290,false,false,false,404,
docs/api/modules/v/0.20.0-beta.2/@node-red_util_log.html,/docs/api/modules/v/0.20.0-beta.2/@node-red_util_log.html,404,http://localhost:4321/docs/api/modules/v/0.20.0-beta.2/@node-red_util_log.html,20290,false,false,false,404,
docs/api/modules/v/0.20.0-beta.2/@node-red_util_util.html,/docs/api/modules/v/0.20.0-beta.2/@node-red_util_util.html,404,http://localhost:4321/docs/api/modules/v/0.20.0-beta.2/@node-red_util_util.html,20290,false,false,false,404,
docs/api/modules/v/0.20.0-beta.2/@node-red_util.html,/docs/api/modules/v/0.20.0-beta.2/@node-red_util.html,404,http://localhost:4321/docs/api/modules/v/0.20.0-beta.2/@node-red_util.html,20290,false,false,false,404,
docs/api/modules/v/0.20.0-beta.2/global.html,/docs/api/modules/v/0.20.0-beta.2/global.html,404,http://localhost:4321/docs/api/modules/v/0.20.0-beta.2/global.html,20290,false,false,false,404,
docs/api/modules/v/0.20.0-beta.2/node-red.html,/docs/api/modules/v/0.20.0-beta.2/node-red.html,404,http://localhost:4321/docs/api/modules/v/0.20.0-beta.2/node-red.html,20290,false,false,false,404,
docs/api/modules/v/0.20.0-beta.4/index.html,/docs/api/modules/v/0.20.0-beta.4/,404,http://localhost:4321/docs/api/modules/v/0.20.0-beta.4/,20290,false,false,false,404,
docs/api/modules/v/0.20.0-beta.4/@node-red_editor-api_auth.html,/docs/api/modules/v/0.20.0-beta.4/@node-red_editor-api_auth.html,404,http://localhost:4321/docs/api/modules/v/0.20.0-beta.4/@node-red_editor-api_auth.html,20290,false,false,false,404,
docs/api/modules/v/0.20.0-beta.4/@node-red_editor-api.html,/docs/api/modules/v/0.20.0-beta.4/@node-red_editor-api.html,404,http://localhost:4321/docs/api/modules/v/0.20.0-beta.4/@node-red_editor-api.html,20290,false,false,false,404,
docs/api/modules/v/0.20.0-beta.4/@node-red_registry.html,/docs/api/modules/v/0.20.0-beta.4/@node-red_registry.html,404,http://localhost:4321/docs/api/modules/v/0.20.0-beta.4/@node-red_registry.html,20290,false,false,false,404,
docs/api/modules/v/0.20.0-beta.4/@node-red_runtime_comms.html,/docs/api/modules/v/0.20.0-beta.4/@node-red_runtime_comms.html,404,http://localhost:4321/docs/api/modules/v/0.20.0-beta.4/@node-red_runtime_comms.html,20290,false,false,false,404,
docs/api/modules/v/0.20.0-beta.4/@node-red_runtime_context.html,/docs/api/modules/v/0.20.0-beta.4/@node-red_runtime_context.html,404,http://localhost:4321/docs/api/modules/v/0.20.0-beta.4/@node-red_runtime_context.html,20290,false,false,false,404,
docs/api/modules/v/0.20.0-beta.4/@node-red_runtime_events.html,/docs/api/modules/v/0.20.0-beta.4/@node-red_runtime_events.html,404,http://localhost:4321/docs/api/modules/v/0.20.0-beta.4/@node-red_runtime_events.html,20290,false,false,false,404,
docs/api/modules/v/0.20.0-beta.4/@node-red_runtime_flows.html,/docs/api/modules/v/0.20.0-beta.4/@node-red_runtime_flows.html,404,http://localhost:4321/docs/api/modules/v/0.20.0-beta.4/@node-red_runtime_flows.html,20290,false,false,false,404,
docs/api/modules/v/0.20.0-beta.4/@node-red_runtime_library.html,/docs/api/modules/v/0.20.0-beta.4/@node-red_runtime_library.html,404,http://localhost:4321/docs/api/modules/v/0.20.0-beta.4/@node-red_runtime_library.html,20290,false,false,false,404,
docs/api/modules/v/0.20.0-beta.4/@node-red_runtime_nodes.html,/docs/api/modules/v/0.20.0-beta.4/@node-red_runtime_nodes.html,404,http://localhost:4321/docs/api/modules/v/0.20.0-beta.4/@node-red_runtime_nodes.html,20290,false,false,false,404,
docs/api/modules/v/0.20.0-beta.4/@node-red_runtime_projects.html,/docs/api/modules/v/0.20.0-beta.4/@node-red_runtime_projects.html,404,http://localhost:4321/docs/api/modules/v/0.20.0-beta.4/@node-red_runtime_projects.html,20290,false,false,false,404,
docs/api/modules/v/0.20.0-beta.4/@node-red_runtime_settings.html,/docs/api/modules/v/0.20.0-beta.4/@node-red_runtime_settings.html,404,http://localhost:4321/docs/api/modules/v/0.20.0-beta.4/@node-red_runtime_settings.html,20290,false,false,false,404,
docs/api/modules/v/0.20.0-beta.4/@node-red_runtime.html,/docs/api/modules/v/0.20.0-beta.4/@node-red_runtime.html,404,http://localhost:4321/docs/api/modules/v/0.20.0-beta.4/@node-red_runtime.html,20290,false,false,false,404,
docs/api/modules/v/0.20.0-beta.4/@node-red_util_i18n.html,/docs/api/modules/v/0.20.0-beta.4/@node-red_util_i18n.html,404,http://localhost:4321/docs/api/modules/v/0.20.0-beta.4/@node-red_util_i18n.html,20290,false,false,false,404,
docs/api/modules/v/0.20.0-beta.4/@node-red_util_log.html,/docs/api/modules/v/0.20.0-beta.4/@node-red_util_log.html,404,http://localhost:4321/docs/api/modules/v/0.20.0-beta.4/@node-red_util_log.html,20290,false,false,false,404,
docs/api/modules/v/0.20.0-beta.4/@node-red_util_util.html,/docs/api/modules/v/0.20.0-beta.4/@node-red_util_util.html,404,http://localhost:4321/docs/api/modules/v/0.20.0-beta.4/@node-red_util_util.html,20290,false,false,false,404,
docs/api/modules/v/0.20.0-beta.4/@node-red_util.html,/docs/api/modules/v/0.20.0-beta.4/@node-red_util.html,404,http://localhost:4321/docs/api/modules/v/0.20.0-beta.4/@node-red_util.html,20290,false,false,false,404,
docs/api/modules/v/0.20.0-beta.4/global.html,/docs/api/modules/v/0.20.0-beta.4/global.html,404,http://localhost:4321/docs/api/modules/v/0.20.0-beta.4/global.html,20290,false,false,false,404,
docs/api/modules/v/0.20.0-beta.4/node-red.html,/docs/api/modules/v/0.20.0-beta.4/node-red.html,404,http://localhost:4321/docs/api/modules/v/0.20.0-beta.4/node-red.html,20290,false,false,false,404,
docs/api/modules/v/0.20.0/index.html,/docs/api/modules/v/0.20.0/,404,http://localhost:4321/docs/api/modules/v/0.20.0/,20290,false,false,false,404,
docs/api/modules/v/0.20.0/@node-red_editor-api_auth.html,/docs/api/modules/v/0.20.0/@node-red_editor-api_auth.html,404,http://localhost:4321/docs/api/modules/v/0.20.0/@node-red_editor-api_auth.html,20290,false,false,false,404,
docs/api/modules/v/0.20.0/@node-red_editor-api.html,/docs/api/modules/v/0.20.0/@node-red_editor-api.html,404,http://localhost:4321/docs/api/modules/v/0.20.0/@node-red_editor-api.html,20290,false,false,false,404,
docs/api/modules/v/0.20.0/@node-red_registry.html,/docs/api/modules/v/0.20.0/@node-red_registry.html,404,http://localhost:4321/docs/api/modules/v/0.20.0/@node-red_registry.html,20290,false,false,false,404,
docs/api/modules/v/0.20.0/@node-red_runtime_comms.html,/docs/api/modules/v/0.20.0/@node-red_runtime_comms.html,404,http://localhost:4321/docs/api/modules/v/0.20.0/@node-red_runtime_comms.html,20290,false,false,false,404,
docs/api/modules/v/0.20.0/@node-red_runtime_context.html,/docs/api/modules/v/0.20.0/@node-red_runtime_context.html,404,http://localhost:4321/docs/api/modules/v/0.20.0/@node-red_runtime_context.html,20290,false,false,false,404,
docs/api/modules/v/0.20.0/@node-red_runtime_events.html,/docs/api/modules/v/0.20.0/@node-red_runtime_events.html,404,http://localhost:4321/docs/api/modules/v/0.20.0/@node-red_runtime_events.html,20290,false,false,false,404,
docs/api/modules/v/0.20.0/@node-red_runtime_flows.html,/docs/api/modules/v/0.20.0/@node-red_runtime_flows.html,404,http://localhost:4321/docs/api/modules/v/0.20.0/@node-red_runtime_flows.html,20290,false,false,false,404,
docs/api/modules/v/0.20.0/@node-red_runtime_library.html,/docs/api/modules/v/0.20.0/@node-red_runtime_library.html,404,http://localhost:4321/docs/api/modules/v/0.20.0/@node-red_runtime_library.html,20290,false,false,false,404,
docs/api/modules/v/0.20.0/@node-red_runtime_nodes.html,/docs/api/modules/v/0.20.0/@node-red_runtime_nodes.html,404,http://localhost:4321/docs/api/modules/v/0.20.0/@node-red_runtime_nodes.html,20290,false,false,false,404,
docs/api/modules/v/0.20.0/@node-red_runtime_projects.html,/docs/api/modules/v/0.20.0/@node-red_runtime_projects.html,404,http://localhost:4321/docs/api/modules/v/0.20.0/@node-red_runtime_projects.html,20290,false,false,false,404,
docs/api/modules/v/0.20.0/@node-red_runtime_settings.html,/docs/api/modules/v/0.20.0/@node-red_runtime_settings.html,404,http://localhost:4321/docs/api/modules/v/0.20.0/@node-red_runtime_settings.html,20290,false,false,false,404,
docs/api/modules/v/0.20.0/@node-red_runtime.html,/docs/api/modules/v/0.20.0/@node-red_runtime.html,404,http://localhost:4321/docs/api/modules/v/0.20.0/@node-red_runtime.html,20290,false,false,false,404,
docs/api/modules/v/0.20.0/@node-red_util_i18n.html,/docs/api/modules/v/0.20.0/@node-red_util_i18n.html,404,http://localhost:4321/docs/api/modules/v/0.20.0/@node-red_util_i18n.html,20290,false,false,false,404,
docs/api/modules/v/0.20.0/@node-red_util_log.html,/docs/api/modules/v/0.20.0/@node-red_util_log.html,404,http://localhost:4321/docs/api/modules/v/0.20.0/@node-red_util_log.html,20290,false,false,false,404,
docs/api/modules/v/0.20.0/@node-red_util_util.html,/docs/api/modules/v/0.20.0/@node-red_util_util.html,404,http://localhost:4321/docs/api/modules/v/0.20.0/@node-red_util_util.html,20290,false,false,false,404,
docs/api/modules/v/0.20.0/@node-red_util.html,/docs/api/modules/v/0.20.0/@node-red_util.html,404,http://localhost:4321/docs/api/modules/v/0.20.0/@node-red_util.html,20290,false,false,false,404,
docs/api/modules/v/0.20.0/global.html,/docs/api/modules/v/0.20.0/global.html,404,http://localhost:4321/docs/api/modules/v/0.20.0/global.html,20290,false,false,false,404,
docs/api/modules/v/0.20.0/node-red.html,/docs/api/modules/v/0.20.0/node-red.html,404,http://localhost:4321/docs/api/modules/v/0.20.0/node-red.html,20290,false,false,false,404,
docs/api/modules/v/1.0/index.html,/docs/api/modules/v/1.0/,404,http://localhost:4321/docs/api/modules/v/1.0/,20290,false,false,false,404,
docs/api/modules/v/1.0/@node-red_editor-api_auth.html,/docs/api/modules/v/1.0/@node-red_editor-api_auth.html,404,http://localhost:4321/docs/api/modules/v/1.0/@node-red_editor-api_auth.html,20290,false,false,false,404,
docs/api/modules/v/1.0/@node-red_editor-api.html,/docs/api/modules/v/1.0/@node-red_editor-api.html,404,http://localhost:4321/docs/api/modules/v/1.0/@node-red_editor-api.html,20290,false,false,false,404,
docs/api/modules/v/1.0/@node-red_runtime_comms.html,/docs/api/modules/v/1.0/@node-red_runtime_comms.html,404,http://localhost:4321/docs/api/modules/v/1.0/@node-red_runtime_comms.html,20290,false,false,false,404,
docs/api/modules/v/1.0/@node-red_runtime_context.html,/docs/api/modules/v/1.0/@node-red_runtime_context.html,404,http://localhost:4321/docs/api/modules/v/1.0/@node-red_runtime_context.html,20290,false,false,false,404,
docs/api/modules/v/1.0/@node-red_runtime_events.html,/docs/api/modules/v/1.0/@node-red_runtime_events.html,404,http://localhost:4321/docs/api/modules/v/1.0/@node-red_runtime_events.html,20290,false,false,false,404,
docs/api/modules/v/1.0/@node-red_runtime_flows.html,/docs/api/modules/v/1.0/@node-red_runtime_flows.html,404,http://localhost:4321/docs/api/modules/v/1.0/@node-red_runtime_flows.html,20290,false,false,false,404,
docs/api/modules/v/1.0/@node-red_runtime_library.html,/docs/api/modules/v/1.0/@node-red_runtime_library.html,404,http://localhost:4321/docs/api/modules/v/1.0/@node-red_runtime_library.html,20290,false,false,false,404,
docs/api/modules/v/1.0/@node-red_runtime_nodes.html,/docs/api/modules/v/1.0/@node-red_runtime_nodes.html,404,http://localhost:4321/docs/api/modules/v/1.0/@node-red_runtime_nodes.html,20290,false,false,false,404,
docs/api/modules/v/1.0/@node-red_runtime_projects.html,/docs/api/modules/v/1.0/@node-red_runtime_projects.html,404,http://localhost:4321/docs/api/modules/v/1.0/@node-red_runtime_projects.html,20290,false,false,false,404,
docs/api/modules/v/1.0/@node-red_runtime_settings.html,/docs/api/modules/v/1.0/@node-red_runtime_settings.html,404,http://localhost:4321/docs/api/modules/v/1.0/@node-red_runtime_settings.html,20290,false,false,false,404,
docs/api/modules/v/1.0/@node-red_runtime.html,/docs/api/modules/v/1.0/@node-red_runtime.html,404,http://localhost:4321/docs/api/modules/v/1.0/@node-red_runtime.html,20290,false,false,false,404,
docs/api/modules/v/1.0/@node-red_util_i18n.html,/docs/api/modules/v/1.0/@node-red_util_i18n.html,404,http://localhost:4321/docs/api/modules/v/1.0/@node-red_util_i18n.html,20290,false,false,false,404,
docs/api/modules/v/1.0/@node-red_util_log.html,/docs/api/modules/v/1.0/@node-red_util_log.html,404,http://localhost:4321/docs/api/modules/v/1.0/@node-red_util_log.html,20290,false,false,false,404,
docs/api/modules/v/1.0/@node-red_util_util.html,/docs/api/modules/v/1.0/@node-red_util_util.html,404,http://localhost:4321/docs/api/modules/v/1.0/@node-red_util_util.html,20290,false,false,false,404,
docs/api/modules/v/1.0/@node-red_util.html,/docs/api/modules/v/1.0/@node-red_util.html,404,http://localhost:4321/docs/api/modules/v/1.0/@node-red_util.html,20290,false,false,false,404,
docs/api/modules/v/1.0/global.html,/docs/api/modules/v/1.0/global.html,404,http://localhost:4321/docs/api/modules/v/1.0/global.html,20290,false,false,false,404,
docs/api/modules/v/1.0/node-red.html,/docs/api/modules/v/1.0/node-red.html,404,http://localhost:4321/docs/api/modules/v/1.0/node-red.html,20290,false,false,false,404,
docs/api/modules/v/1.3/index.html,/docs/api/modules/v/1.3/,404,http://localhost:4321/docs/api/modules/v/1.3/,20290,false,false,false,404,
docs/api/modules/v/1.3/@node-red_editor-api_auth.html,/docs/api/modules/v/1.3/@node-red_editor-api_auth.html,404,http://localhost:4321/docs/api/modules/v/1.3/@node-red_editor-api_auth.html,20290,false,false,false,404,
docs/api/modules/v/1.3/@node-red_editor-api.html,/docs/api/modules/v/1.3/@node-red_editor-api.html,404,http://localhost:4321/docs/api/modules/v/1.3/@node-red_editor-api.html,20290,false,false,false,404,
docs/api/modules/v/1.3/@node-red_registry.html,/docs/api/modules/v/1.3/@node-red_registry.html,404,http://localhost:4321/docs/api/modules/v/1.3/@node-red_registry.html,20290,false,false,false,404,
docs/api/modules/v/1.3/@node-red_runtime_comms.html,/docs/api/modules/v/1.3/@node-red_runtime_comms.html,404,http://localhost:4321/docs/api/modules/v/1.3/@node-red_runtime_comms.html,20290,false,false,false,404,
docs/api/modules/v/1.3/@node-red_runtime_context.html,/docs/api/modules/v/1.3/@node-red_runtime_context.html,404,http://localhost:4321/docs/api/modules/v/1.3/@node-red_runtime_context.html,20290,false,false,false,404,
docs/api/modules/v/1.3/@node-red_runtime_flows.html,/docs/api/modules/v/1.3/@node-red_runtime_flows.html,404,http://localhost:4321/docs/api/modules/v/1.3/@node-red_runtime_flows.html,20290,false,false,false,404,
docs/api/modules/v/1.3/@node-red_runtime_hooks.html,/docs/api/modules/v/1.3/@node-red_runtime_hooks.html,404,http://localhost:4321/docs/api/modules/v/1.3/@node-red_runtime_hooks.html,20290,false,false,false,404,
docs/api/modules/v/1.3/@node-red_runtime_library.html,/docs/api/modules/v/1.3/@node-red_runtime_library.html,404,http://localhost:4321/docs/api/modules/v/1.3/@node-red_runtime_library.html,20290,false,false,false,404,
docs/api/modules/v/1.3/@node-red_runtime_nodes.html,/docs/api/modules/v/1.3/@node-red_runtime_nodes.html,404,http://localhost:4321/docs/api/modules/v/1.3/@node-red_runtime_nodes.html,20290,false,false,false,404,
docs/api/modules/v/1.3/@node-red_runtime_plugins.html,/docs/api/modules/v/1.3/@node-red_runtime_plugins.html,404,http://localhost:4321/docs/api/modules/v/1.3/@node-red_runtime_plugins.html,20290,false,false,false,404,
docs/api/modules/v/1.3/@node-red_runtime_projects.html,/docs/api/modules/v/1.3/@node-red_runtime_projects.html,404,http://localhost:4321/docs/api/modules/v/1.3/@node-red_runtime_projects.html,20290,false,false,false,404,
docs/api/modules/v/1.3/@node-red_runtime_settings.html,/docs/api/modules/v/1.3/@node-red_runtime_settings.html,404,http://localhost:4321/docs/api/modules/v/1.3/@node-red_runtime_settings.html,20290,false,false,false,404,
docs/api/modules/v/1.3/@node-red_runtime.html,/docs/api/modules/v/1.3/@node-red_runtime.html,404,http://localhost:4321/docs/api/modules/v/1.3/@node-red_runtime.html,20290,false,false,false,404,
docs/api/modules/v/1.3/@node-red_util_events.html,/docs/api/modules/v/1.3/@node-red_util_events.html,404,http://localhost:4321/docs/api/modules/v/1.3/@node-red_util_events.html,20290,false,false,false,404,
docs/api/modules/v/1.3/@node-red_util_exec.html,/docs/api/modules/v/1.3/@node-red_util_exec.html,404,http://localhost:4321/docs/api/modules/v/1.3/@node-red_util_exec.html,20290,false,false,false,404,
docs/api/modules/v/1.3/@node-red_util_i18n.html,/docs/api/modules/v/1.3/@node-red_util_i18n.html,404,http://localhost:4321/docs/api/modules/v/1.3/@node-red_util_i18n.html,20290,false,false,false,404,
docs/api/modules/v/1.3/@node-red_util_log.html,/docs/api/modules/v/1.3/@node-red_util_log.html,404,http://localhost:4321/docs/api/modules/v/1.3/@node-red_util_log.html,20290,false,false,false,404,
docs/api/modules/v/1.3/@node-red_util_util.html,/docs/api/modules/v/1.3/@node-red_util_util.html,404,http://localhost:4321/docs/api/modules/v/1.3/@node-red_util_util.html,20290,false,false,false,404,
docs/api/modules/v/1.3/@node-red_util.html,/docs/api/modules/v/1.3/@node-red_util.html,404,http://localhost:4321/docs/api/modules/v/1.3/@node-red_util.html,20290,false,false,false,404,
docs/api/modules/v/1.3/global.html,/docs/api/modules/v/1.3/global.html,404,http://localhost:4321/docs/api/modules/v/1.3/global.html,20290,false,false,false,404,
docs/api/modules/v/1.3/node-red.html,/docs/api/modules/v/1.3/node-red.html,404,http://localhost:4321/docs/api/modules/v/1.3/node-red.html,20290,false,false,false,404,
docs/api/storage/index.md,/docs/api/storage/,200,http://localhost:4321/docs/api/storage/,101022,true,true,false,OK,
docs/api/storage/methods/index.md,/docs/api/storage/methods/,200,http://localhost:4321/docs/api/storage/methods/,120487,true,true,false,OK,
docs/api/ui/index.md,/docs/api/ui/,200,http://localhost:4321/docs/api/ui/,98807,true,true,false,OK,
docs/api/ui/actions/index.md,/docs/api/ui/actions/,200,http://localhost:4321/docs/api/ui/actions/,103535,true,true,false,OK,
docs/api/ui/autoComplete/index.md,/docs/api/ui/autoComplete/,200,http://localhost:4321/docs/api/ui/autoComplete/,158107,true,true,false,OK,
docs/api/ui/editableList/index.md,/docs/api/ui/editableList/,200,http://localhost:4321/docs/api/ui/editableList/,180173,true,true,false,OK,
docs/api/ui/events/index.md,/docs/api/ui/events/,200,http://localhost:4321/docs/api/ui/events/,110101,true,true,false,OK,
docs/api/ui/notifications/index.md,/docs/api/ui/notifications/,200,http://localhost:4321/docs/api/ui/notifications/,119080,true,true,false,OK,
docs/api/ui/searchBox/index.md,/docs/api/ui/searchBox/,200,http://localhost:4321/docs/api/ui/searchBox/,109741,true,true,false,OK,
docs/api/ui/sidebar/index.md,/docs/api/ui/sidebar/,200,http://localhost:4321/docs/api/ui/sidebar/,112238,true,true,false,OK,
docs/api/ui/themes/index.md,/docs/api/ui/themes/,200,http://localhost:4321/docs/api/ui/themes/,152348,true,true,false,OK,
docs/api/ui/treeList/index.md,/docs/api/ui/treeList/,200,http://localhost:4321/docs/api/ui/treeList/,127516,true,true,false,OK,
docs/api/ui/typedInput/index.md,/docs/api/ui/typedInput/,200,http://localhost:4321/docs/api/ui/typedInput/,186219,true,true,false,OK,
docs/creating-nodes/index.md,/docs/creating-nodes/,200,http://localhost:4321/docs/creating-nodes/,98623,true,true,false,OK,
docs/creating-nodes/appearance.md,/docs/creating-nodes/appearance/,200,http://localhost:4321/docs/creating-nodes/appearance/,118121,true,true,false,OK,
docs/creating-nodes/config-nodes.md,/docs/creating-nodes/config-nodes/,200,http://localhost:4321/docs/creating-nodes/config-nodes/,105179,true,true,false,OK,
docs/creating-nodes/context.md,/docs/creating-nodes/context/,200,http://localhost:4321/docs/creating-nodes/context/,95848,true,true,false,OK,
docs/creating-nodes/credentials.md,/docs/creating-nodes/credentials/,200,http://localhost:4321/docs/creating-nodes/credentials/,111759,true,true,false,OK,
docs/creating-nodes/edit-dialog.md,/docs/creating-nodes/edit-dialog/,200,http://localhost:4321/docs/creating-nodes/edit-dialog/,128324,true,true,false,OK,
docs/creating-nodes/examples.md,/docs/creating-nodes/examples/,200,http://localhost:4321/docs/creating-nodes/examples/,96250,true,true,false,OK,
docs/creating-nodes/first-node.md,/docs/creating-nodes/first-node/,200,http://localhost:4321/docs/creating-nodes/first-node/,143179,true,true,false,OK,
docs/creating-nodes/help-style-guide.md,/docs/creating-nodes/help-style-guide/,200,http://localhost:4321/docs/creating-nodes/help-style-guide/,154803,true,true,false,OK,
docs/creating-nodes/i18n.md,/docs/creating-nodes/i18n/,200,http://localhost:4321/docs/creating-nodes/i18n/,106783,true,true,false,OK,
docs/creating-nodes/node-html.md,/docs/creating-nodes/node-html/,200,http://localhost:4321/docs/creating-nodes/node-html/,118122,true,true,false,OK,
docs/creating-nodes/node-js.md,/docs/creating-nodes/node-js/,200,http://localhost:4321/docs/creating-nodes/node-js/,120980,true,true,false,OK,
docs/creating-nodes/packaging-subflows.md,/docs/creating-nodes/packaging-subflows/,200,http://localhost:4321/docs/creating-nodes/packaging-subflows/,107011,true,true,false,OK,
docs/creating-nodes/packaging.md,/docs/creating-nodes/packaging/,200,http://localhost:4321/docs/creating-nodes/packaging/,113003,true,true,false,OK,
docs/creating-nodes/properties.md,/docs/creating-nodes/properties/,200,http://localhost:4321/docs/creating-nodes/properties/,121390,true,true,false,OK,
docs/creating-nodes/resources.md,/docs/creating-nodes/resources/,200,http://localhost:4321/docs/creating-nodes/resources/,99781,true,true,false,OK,
docs/creating-nodes/status.md,/docs/creating-nodes/status/,200,http://localhost:4321/docs/creating-nodes/status/,100294,true,true,false,OK,
docs/creating-nodes/subflow-modules.md,/docs/creating-nodes/subflow-modules/,200,http://localhost:4321/docs/creating-nodes/subflow-modules/,125862,true,true,false,OK,
docs/developing-flows/index.md,/docs/developing-flows/,200,http://localhost:4321/docs/developing-flows/,99745,true,true,false,OK,
docs/developing-flows/documenting-flows.md,/docs/developing-flows/documenting-flows/,200,http://localhost:4321/docs/developing-flows/documenting-flows/,109794,true,true,false,OK,
docs/developing-flows/flow-structure.md,/docs/developing-flows/flow-structure/,200,http://localhost:4321/docs/developing-flows/flow-structure/,109656,true,true,false,OK,
docs/developing-flows/message-design.md,/docs/developing-flows/message-design/,200,http://localhost:4321/docs/developing-flows/message-design/,104912,true,true,false,OK,
docs/developing/index.md,/docs/developing/,200,http://localhost:4321/docs/developing/,95146,true,true,false,OK,
docs/faq/index.md,/docs/faq/,200,http://localhost:4321/docs/faq/,99379,true,true,false,OK,
docs/faq/customising-systemd-on-pi.md,/docs/faq/customising-systemd-on-pi/,200,http://localhost:4321/docs/faq/customising-systemd-on-pi/,102893,true,true,false,OK,
docs/faq/interacting-with-arduino.md,/docs/faq/interacting-with-arduino/,200,http://localhost:4321/docs/faq/interacting-with-arduino/,119169,true,true,false,OK,
docs/faq/interacting-with-pi-gpio.md,/docs/faq/interacting-with-pi-gpio/,200,http://localhost:4321/docs/faq/interacting-with-pi-gpio/,99816,true,true,false,OK,
docs/faq/node-versions.md,/docs/faq/node-versions/,200,http://localhost:4321/docs/faq/node-versions/,100934,true,true,false,OK,
docs/faq/starting-node-red-on-boot.md,/docs/faq/starting-node-red-on-boot/,200,http://localhost:4321/docs/faq/starting-node-red-on-boot/,114514,true,true,false,OK,
docs/getting-started/index.md,/docs/getting-started/,200,http://localhost:4321/docs/getting-started/,97375,true,true,false,OK,
docs/getting-started/android.md,/docs/getting-started/android/,200,http://localhost:4321/docs/getting-started/android/,106834,true,true,false,OK,
docs/getting-started/aws.md,/docs/getting-started/aws/,200,http://localhost:4321/docs/getting-started/aws/,124042,true,true,false,OK,
docs/getting-started/azure.md,/docs/getting-started/azure/,200,http://localhost:4321/docs/getting-started/azure/,100823,true,true,false,OK,
docs/getting-started/beaglebone.md,/docs/getting-started/beaglebone/,200,http://localhost:4321/docs/getting-started/beaglebone/,108520,true,true,false,OK,
docs/getting-started/development.md,/docs/getting-started/development/,200,http://localhost:4321/docs/getting-started/development/,107860,true,true,false,OK,
docs/getting-started/docker-custom.md,/docs/getting-started/docker-custom/,200,http://localhost:4321/docs/getting-started/docker-custom/,108444,true,true,false,OK,
docs/getting-started/docker.md,/docs/getting-started/docker/,200,http://localhost:4321/docs/getting-started/docker/,181784,true,true,false,OK,
docs/getting-started/flowfuse.md,/docs/getting-started/flowfuse/,200,http://localhost:4321/docs/getting-started/flowfuse/,95276,true,true,false,OK,
docs/getting-started/ibmcloud.md,/docs/getting-started/ibmcloud/,200,http://localhost:4321/docs/getting-started/ibmcloud/,94871,true,true,false,OK,
docs/getting-started/local.md,/docs/getting-started/local/,200,http://localhost:4321/docs/getting-started/local/,123666,true,true,false,OK,
docs/getting-started/raspberrypi.md,/docs/getting-started/raspberrypi/,200,http://localhost:4321/docs/getting-started/raspberrypi/,109209,true,true,false,OK,
docs/getting-started/windows.md,/docs/getting-started/windows/,200,http://localhost:4321/docs/getting-started/windows/,120022,true,true,false,OK,
docs/telemetry/index.md,/docs/telemetry/,200,http://localhost:4321/docs/telemetry/,113086,true,true,false,OK,
docs/tutorials/index.md,/docs/tutorials/,200,http://localhost:4321/docs/tutorials/,96104,true,true,false,OK,
docs/tutorials/first-flow.md,/docs/tutorials/first-flow/,200,http://localhost:4321/docs/tutorials/first-flow/,121117,true,true,false,OK,
docs/tutorials/second-flow.md,/docs/tutorials/second-flow/,200,http://localhost:4321/docs/tutorials/second-flow/,122233,true,true,false,OK,
docs/user-guide/index.md,/docs/user-guide/,200,http://localhost:4321/docs/user-guide/,104185,true,true,false,OK,
docs/user-guide/concepts.md,/docs/user-guide/concepts/,200,http://localhost:4321/docs/user-guide/concepts/,105225,true,true,false,OK,
docs/user-guide/context.md,/docs/user-guide/context/,200,http://localhost:4321/docs/user-guide/context/,114204,true,true,false,OK,
docs/user-guide/editor/index.md,/docs/user-guide/editor/,200,http://localhost:4321/docs/user-guide/editor/,95676,true,true,false,OK,
docs/user-guide/editor/editors/index.md,/docs/user-guide/editor/editors/,200,http://localhost:4321/docs/user-guide/editor/editors/,94665,true,true,false,OK,
docs/user-guide/editor/editors/buffer.md,/docs/user-guide/editor/editors/buffer/,200,http://localhost:4321/docs/user-guide/editor/editors/buffer/,94703,true,true,false,OK,
docs/user-guide/editor/editors/js.md,/docs/user-guide/editor/editors/js/,200,http://localhost:4321/docs/user-guide/editor/editors/js/,94707,true,true,false,OK,
docs/user-guide/editor/editors/json.md,/docs/user-guide/editor/editors/json/,200,http://localhost:4321/docs/user-guide/editor/editors/json/,94693,true,true,false,OK,
docs/user-guide/editor/editors/jsonata.md,/docs/user-guide/editor/editors/jsonata/,200,http://localhost:4321/docs/user-guide/editor/editors/jsonata/,94741,true,true,false,OK,
docs/user-guide/editor/palette/index.md,/docs/user-guide/editor/palette/,200,http://localhost:4321/docs/user-guide/editor/palette/,96259,true,true,false,OK,
docs/user-guide/editor/palette/manager.md,/docs/user-guide/editor/palette/manager/,200,http://localhost:4321/docs/user-guide/editor/palette/manager/,99170,true,true,false,OK,
docs/user-guide/editor/settings/index.md,/docs/user-guide/editor/settings/,200,http://localhost:4321/docs/user-guide/editor/settings/,94680,true,true,false,OK,
docs/user-guide/editor/settings/keyboard.md,/docs/user-guide/editor/settings/keyboard/,200,http://localhost:4321/docs/user-guide/editor/settings/keyboard/,94728,true,true,false,OK,
docs/user-guide/editor/settings/view.md,/docs/user-guide/editor/settings/view/,200,http://localhost:4321/docs/user-guide/editor/settings/view/,94708,true,true,false,OK,
docs/user-guide/editor/sidebar/index.md,/docs/user-guide/editor/sidebar/,200,http://localhost:4321/docs/user-guide/editor/sidebar/,96278,true,true,false,OK,
docs/user-guide/editor/sidebar/config.md,/docs/user-guide/editor/sidebar/config/,200,http://localhost:4321/docs/user-guide/editor/sidebar/config/,95614,true,true,false,OK,
docs/user-guide/editor/sidebar/context.md,/docs/user-guide/editor/sidebar/context/,200,http://localhost:4321/docs/user-guide/editor/sidebar/context/,96120,true,true,false,OK,
docs/user-guide/editor/sidebar/debug.md,/docs/user-guide/editor/sidebar/debug/,200,http://localhost:4321/docs/user-guide/editor/sidebar/debug/,98441,true,true,false,OK,
docs/user-guide/editor/sidebar/help.md,/docs/user-guide/editor/sidebar/help/,200,http://localhost:4321/docs/user-guide/editor/sidebar/help/,95631,true,true,false,OK,
docs/user-guide/editor/sidebar/info.md,/docs/user-guide/editor/sidebar/info/,200,http://localhost:4321/docs/user-guide/editor/sidebar/info/,97154,true,true,false,OK,
docs/user-guide/editor/workspace/index.md,/docs/user-guide/editor/workspace/,200,http://localhost:4321/docs/user-guide/editor/workspace/,99834,true,true,false,OK,
docs/user-guide/editor/workspace/arrange.md,/docs/user-guide/editor/workspace/arrange/,200,http://localhost:4321/docs/user-guide/editor/workspace/arrange/,96607,true,true,false,OK,
docs/user-guide/editor/workspace/flows.md,/docs/user-guide/editor/workspace/flows/,200,http://localhost:4321/docs/user-guide/editor/workspace/flows/,109790,true,true,false,OK,
docs/user-guide/editor/workspace/groups.md,/docs/user-guide/editor/workspace/groups/,200,http://localhost:4321/docs/user-guide/editor/workspace/groups/,108870,true,true,false,OK,
docs/user-guide/editor/workspace/import-export.md,/docs/user-guide/editor/workspace/import-export/,200,http://localhost:4321/docs/user-guide/editor/workspace/import-export/,100244,true,true,false,OK,
docs/user-guide/editor/workspace/nodes.md,/docs/user-guide/editor/workspace/nodes/,200,http://localhost:4321/docs/user-guide/editor/workspace/nodes/,105434,true,true,false,OK,
docs/user-guide/editor/workspace/search.md,/docs/user-guide/editor/workspace/search/,200,http://localhost:4321/docs/user-guide/editor/workspace/search/,97841,true,true,false,OK,
docs/user-guide/editor/workspace/selection.md,/docs/user-guide/editor/workspace/selection/,200,http://localhost:4321/docs/user-guide/editor/workspace/selection/,107426,true,true,false,OK,
docs/user-guide/editor/workspace/subflows.md,/docs/user-guide/editor/workspace/subflows/,200,http://localhost:4321/docs/user-guide/editor/workspace/subflows/,111411,true,true,false,OK,
docs/user-guide/editor/workspace/wires.md,/docs/user-guide/editor/workspace/wires/,200,http://localhost:4321/docs/user-guide/editor/workspace/wires/,105444,true,true,false,OK,
docs/user-guide/environment-variables.md,/docs/user-guide/environment-variables/,200,http://localhost:4321/docs/user-guide/environment-variables/,119003,true,true,false,OK,
docs/user-guide/handling-errors.md,/docs/user-guide/handling-errors/,200,http://localhost:4321/docs/user-guide/handling-errors/,115709,true,true,false,OK,
docs/user-guide/messages.md,/docs/user-guide/messages/,200,http://localhost:4321/docs/user-guide/messages/,117818,true,true,false,OK,
docs/user-guide/node-red-admin.md,/docs/user-guide/node-red-admin/,200,http://localhost:4321/docs/user-guide/node-red-admin/,102809,true,true,false,OK,
docs/user-guide/nodes.md,/docs/user-guide/nodes/,200,http://localhost:4321/docs/user-guide/nodes/,111295,true,true,false,OK,
docs/user-guide/projects/index.md,/docs/user-guide/projects/,200,http://localhost:4321/docs/user-guide/projects/,119787,true,true,false,OK,
docs/user-guide/runtime/adding-nodes.md,/docs/user-guide/runtime/adding-nodes/,200,http://localhost:4321/docs/user-guide/runtime/adding-nodes/,103923,true,true,false,OK,
docs/user-guide/runtime/configuration.md,/docs/user-guide/runtime/configuration/,200,http://localhost:4321/docs/user-guide/runtime/configuration/,138025,true,true,false,OK,
docs/user-guide/runtime/embedding.md,/docs/user-guide/runtime/embedding/,200,http://localhost:4321/docs/user-guide/runtime/embedding/,96799,true,true,false,OK,
docs/user-guide/runtime/logging.md,/docs/user-guide/runtime/logging/,200,http://localhost:4321/docs/user-guide/runtime/logging/,131595,true,true,false,OK,
docs/user-guide/runtime/securing-node-red.md,/docs/user-guide/runtime/securing-node-red/,200,http://localhost:4321/docs/user-guide/runtime/securing-node-red/,175826,true,true,false,OK,
docs/user-guide/runtime/settings-file.md,/docs/user-guide/runtime/settings-file/,200,http://localhost:4321/docs/user-guide/runtime/settings-file/,100009,true,true,false,OK,
docs/user-guide/writing-functions.md,/docs/user-guide/writing-functions/,200,http://localhost:4321/docs/user-guide/writing-functions/,145993,true,true,false,OK,
